<?xml version="1.0" encoding="UTF-8"?>
<model package="formz" baseClass="xPDOObject" platform="mysql" defaultEngine="MyISAM" phpdoc-package="formz" phpdoc-subpackage="model" version="1.1">
    <object class="fmzForms" table="formz_forms" extends="xPDOSimpleObject">
        <field key="name" dbtype="varchar" precision="100" phptype="string" null="false" default="" />
        <field key="method" dbtype="enum" phptype="string" null="false" precision="'database','database_email'" default="database_email" />
        <field key="email" dbtype="text" phptype="string" null="true" default="" />
        <field key="success_message" dbtype="text" phptype="string" null="true" default="" />
        <field key="identifier" dbtype="varchar" precision="255" phptype="string" null="true" default="" />
        <field key="hooks" dbtype="text" precision="255" phptype="string" null="true" default="" />
        <field key="action_button" dbtype="varchar" precision="255" phptype="string" null="true" default="" />
        <field key="properties" dbtype="text" precision="255" phptype="string" null="true" default="" />

        <field key="createdon" dbtype="datetime" phptype="datetime" null="true" />
		<field key="createdby" dbtype="int" precision="10" attributes="unsigned" phptype="integer" null="false" default="0" />
		<field key="editedon" dbtype="datetime" phptype="datetime" null="true" />
		<field key="editedby" dbtype="int" precision="10" attributes="unsigned" phptype="integer" null="false" default="0" />

		<aggregate alias="CreatedBy" class="modUser" local="createdby" foreign="id" cardinality="one" owner="foreign" />
		<aggregate alias="EditedBy" class="modUser" local="createdby" foreign="id" cardinality="one" owner="foreign" />
		<composite alias="Fields" class="fmzFormsFields" local="id" foreign="form_id" cardinality="many" owner="local" />
		<composite alias="Data" class="fmzFormsData" local="id" foreign="form_id" cardinality="many" owner="local" />
    </object>

    <object class="fmzFormsFields" table="formz_forms_fields" extends="xPDOSimpleObject">
    	<field key="form_id" dbtype="int" precision="10" attributes="unsigned" phptype="integer" null="false" default="" />
    	<field key="type" dbtype="enum" precision="'text','textarea','select','checkbox','radio','heading','paragraph'" phptype="string" null="false" default="text" />
    	<field key="settings" dbtype="text" phptype="string" null="true" default="" />
    	<field key="order" dbtype="int" precision="10" phptype="integer" null="true" default="" />

    	<index alias="order" name="order" primary="false" unique="false" type="BTREE">
			<column key="order" length="" collation="A" null="false" />
		</index>

		<index alias="form_id" name="form_id" primary="false" unique="false" type="BTREE">
			<column key="form_id" length="" collation="A" null="false" />
		</index>

		<aggregate alias="Form" class="fmzForms" local="form_id" foreign="id" cardinality="one" owner="foreign" />
		<composite alias="Validation" class="fmzFormsValidation" local="id" foreign="field_id" cardinality="many" owner="local" />
    </object>

    <object class="fmzFormsValidation" table="formz_forms_validation" extends="xPDOSimpleObject">
    	<field key="field_id" dbtype="int" precision="10" attributes="unsigned" phptype="integer" null="false" default="" />
    	<field key="type" dbtype="enum" precision="'required','email','isNumber'" phptype="string" null="true" default="required" />
    	<field key="error_message" dbtype="varchar" precision="255" phptype="string" null="false" default="" />

    	<index alias="field_id" name="field_id" primary="false" unique="false" type="BTREE">
			<column key="field_id" length="" collation="A" null="false" />
		</index>

		<aggregate alias="Field" class="fmzFormsFields" local="field_id" foreign="id" cardinality="one" owner="foreign" />
    </object>

    <object class="fmzFormsData" table="formz_forms_data" extends="xPDOSimpleObject">
    	<field key="form_id" dbtype="int" precision="10" attributes="unsigned" phptype="integer" null="false" default="" />
    	<field key="senton" dbtype="datetime" phptype="datetime" null="true" />
    	<field key="data" dbtype="text" phptype="string" null="true" default="" />

    	<index alias="form_id" name="form_id" primary="false" unique="false" type="BTREE">
			<column key="form_id" length="" collation="A" null="false" />
		</index>
        <index alias="idx_senton" name="idx_senton" primary="false" unique="false" type="BTREE">
            <column key="senton" length="" collation="A" null="false" />
        </index>

		<aggregate alias="Form" class="fmzForms" local="form_id" foreign="id" cardinality="one" owner="foreign" />
		<composite alias="FieldData" class="fmzFormsDataFields" local="id" foreign="data_id" cardinality="many" owner="local" />
    </object>

    <object class="fmzFormsDataFields" table="formz_forms_data_fields" extends="xPDOSimpleObject">
    	<field key="data_id" dbtype="int" precision="10" attributes="unsigned" phptype="integer" null="false" default="" />
    	<field key="label" dbtype="varchar" precision="255" phptype="string" null="false" default="" />
    	<field key="value" dbtype="text" phptype="string" null="true" default="" />

    	<index alias="data_id" name="data_id" primary="false" unique="false" type="BTREE">
			<column key="data_id" length="" collation="A" null="false" />
		</index>

		<aggregate alias="FormData" class="fmzFormsData" local="data_id" foreign="id" cardinality="one" owner="foreign" />
    </object>
</model>
